Tool Name,Country of Origin,Preparation of the detailed data sheet,Responsible Institution,Purpose of the Tool,Moment of Productive Activity,Taxonomy of tools (main),Information Access Channels,Typology of Communication Channels,Main Target Audience,Scope of Application,Access Model,Interaction Dimension,Institutional Nature,Organization Category,Language of Availability,WhatsApp integration,Required Connectivity,Level of Digitization,Tool Opening Level,Link,Description (summary)
Sour – plant diagnostics (Israel),International,Yeah,Saillog Ltd,Technical Advisory,During,Diagnostic Imaging and Identification,Application,Mass media,Producer,General,Paid,Producer ↔ Content/Platform,Private,Private Sector,English,No,Yeah,Digital Transformation,Accessible to Third Parties,https://apps.apple.com/us/app/agrio-plant-diagnosis-app/id1239193220;https://play.google.com/store/apps/details?id=com.agrio,"Agrio is a precision agriculture tool that uses artificial intelligence to assist farmers and technicians in their work. One solution allows for the remote identification and management of diseases and pests, contributing to faster and more appropriate decisions in daily production. Through artificial intelligence algorithms and computer vision, Agrio assists in monitoring crops and using resources more efficiently, with a focus on improving the productivity and sustainability of production systems."
BayAgri Plus (Germany),International,No,Bayer AG,Learning,Before ,"Pest Management and Control (Biological, Natural and Chemical)",Application,Mass media,Producer,General,Free,Producer ↔ Content/Platform,Private,Private Sector,English,No,Yeah,Digitization,Accessible to Third Parties,https://apps.apple.com/us/app/bayagri-plus/id6450846659; https://play.google.com/store/apps/details?id=com.bayer.vegetablesbybayer,"This application supports the selection of agricultural inputs by gathering information and experiences shared by producers, distributors, and other stakeholders in the sector. The tool helps consider different regional contexts when selecting products for your work."
COMPO EXPERT Crop Companion (Germany),International,No,Compo Expert,Technical Advisory,Before ,"Fertilizers, inoculants and nutrients",Application,Mass media,Both,General,Paid,Producer ↔ Content/Platform,Private,Private Sector,English,No,Yeah,Digitization,Accessible to Third Parties,https://apps.apple.com/us/app/compo-expert-crop-companion/id1633269835,"The tool gathers technical information on agricultural products and usage recommendations, helping to consult relevant data for plant management and make decisions in the field in a practical way from your cell phone."
Fertilizer conversion calculator (Israel),International,No,Haifa Group,Technical Advisory,Before ,"Fertilizers, inoculants and nutrients",Site,Mass media,Producer,General,Free,Producer ↔ Content/Platform,Private,Private Sector,English,No,Yeah,Digital Transformation,Accessible to Third Parties,https://www.haifa-group.com/fertilizer-conversion-calculator,"Tools to help easily convert between various units used in the agricultural area: ppm to mmol/l and meq/l, yield and conversion rate, EC units."
LifeGrow (Uganda),International,No,CTI Africa Limited, Management,During,Integrated Production Monitoring and Management,Application,Mass media,Producer,General,Paid,Producer ↔ Content/Platform,Private,Private Sector,English,No,Yeah,Digital Transformation,Accessible to Third Parties,https://play.google.com/store/apps/details?id=com.ctiafrica.lifegrow,"LifeGrow is an application designed to support farmers and technicians in monitoring production activities. The tool allows users to record information about tasks, management practices, and field data, contributing to information organization and tracking of product performance."
Map My Crop (United States),International,No,"Hardcastle Agrotech Solutions Inc.
",Technical Advisory,During,Remote Sensing,Application,Mass media,Producer,General,Free,Producer ↔ Content/Platform,Private,Private Sector,English,No,Yeah,Digital Transformation,Accessible to Third Parties,https://play.google.com/store/apps/details?id=com.mapmycroplite.mmc,"A digital tool focused on monitoring agricultural activities through satellite imagery. The application allows monitoring aspects such as crop development, general working conditions, and climatic variables, remotely supporting or monitoring production areas. The tool uses updated data to assist farmers, agronomists, and technicians in the analysis and planning of agricultural activities."
Plantix (Germany),International,No,PEAT GmbH,Technical Advisory,During,Diagnostic Imaging and Identification,Site,Mass media,Both,General,Free,Producer ↔ Content/Platform,Private,Private Sector,English,Yeah,Yeah,Digitization,Accessible to Third Parties,"https://plantix.net/en/library/plant-diseases/
https://play.google.com/store/apps/details?id=com.peat.GartenBank&hl=en&utm_content=en&utm_medium=web_library&utm_source=plantix_web&referrer=utm_content%3Den%26utm_medium%3Dweb_library%26utm_source%3Dplantix_web","The site contains photos and fact sheets to assist farmers in diagnosing pests, diseases, and nutritional deficiencies. We also offer a free crop diagnosis service via WhatsApp."
Plant Village (United States),International,No,The Pennsylvania State University,Technical Advisory,During,Diagnostic Imaging and Identification,Application,Mass media,Producer,General,Free,Producer ↔ Content/Platform,Public,University,English,No,No,Digital Transformation,Accessible to Third Parties,https://apps.apple.com/us/app/plantvillage-nuru/id1441395371; https://play.google.com/store/apps/details?id=plantvillage.nuru,"A publicly accessible application that uses a digital assistant to detect or diagnose crop diseases, even in contexts without an internet connection. Developed at the Universidade Estadual da Pensilvânia (Penn State University), this tool is based on machine learning techniques, using Google's TensorFlow platform and an image database to identify visual symptoms in plants and inform agricultural management decisions."
SOW - A Planting Companion (United States),International,Yeah,"Alabama Cooperative Extension System
",Technical Advisory,During,Consulting & Technical Assistance,Application,Mass media,Producer,General,Free,Producer ↔ Content/Platform,Organized Civil Society,Cooperative,English,No,Yeah,Digital Transformation,Accessible to Third Parties,https://play.google.com/store/apps/details?id=edu.aces.SOW,"The application we've designed supports planting planning in vegetable gardens, indicating the most suitable planting periods based on the selected location. By choosing a crop, the user can access additional information, such as the estimated harvest time, approximate plant productivity, and recommended spacing between plants."
The Biocontrol Advisor (France),International,No,Bioline Agrosciences France,Technical Advisory,Before ,"Pest Management and Control (Biological, Natural and Chemical)",Application,Mass media,Producer,General,Free,Producer ↔ Content/Platform,Private,Private Sector,English,No,No,Digitization,Accessible to Third Parties,https://play.google.com/store/apps/details?id=bioline.app,"The Bioline application, developed by Bioline Agrosciences, was created to assist producers with daily tasks in the field. The tool gathers technical information about the company's biosolutions, offering reference content focused on clarifying operational doubts and agricultural management. Essential materials can be accessed offline, allowing the application to be used in areas with limited connectivity."
Rauch (Germany),International,No,"Rauch Landmaschinenfabrik Gesellschaft mit beschränkter Haftung
",Technical Advisory,Before ,"Fertilizers, inoculants and nutrients",Application,Mass media,Producer,General,Free,Producer ↔ Content/Platform,Private,Private Sector,Multilingual,No,No,Digitization,Accessible to Third Parties,https://play.google.com/store/apps/details?id=de.ms.neusta.rauch_streutabelle_android,"The RAUCH application (formerly ""Fertilizer Table"") is an interactive configuration table for current and previous RAUCH fertilizer spreader series, which, unlike the online web version, can also be used offline. In the RAUCH Fertilizer Spreader application, you will find specific configuration values ​​for dosing and distributing over 3,000 different fertilizers, both granular and fine, which are dynamically calculated for your model and configuration, even for machines without electrical controls."
Agrokeep (Greece),International,No,Teslinskiy, Management,During,"Meteorology, Climate and Irrigation",Application,Mass media,Producer,General,Free,Producer ↔ Content/Platform,Private,Private Sector,Multilingual,No,Yeah,Digitization,Accessible to Third Parties,https://play.google.com/store/apps/details?id=com.agrokeep.Agrokeep,"Mobile application that allows access to seasonal meteorological data and agronomic forecasts, supporting the planning of agricultural activities. The tool makes it possible to monitor climatic conditions, consult forecasts, estimate the probability of occurrence, calculate the most appropriate time for the use of pesticides and estimate graus-days and thermal units related to the development of insects, contributing to a more informed decision-making in the management of tasks."
Sustainable Landscape Verification,Argentina,Yeah,Ucrop.it,Management,Before ,"Document Management, Certifications, Registrations and Regularization",Application,Mass media,Producer,General,Paid,Producer ↔ Content/Platform,Private,Startup,Multilingual,No,Yeah,Digital Transformation,Accessible to Third Parties,https://ucrop.it/es/verificacion-del-paisaje/,"A geospatial tool that assesses deforestation and land-use risks, verifying compliance with international sustainability standards. Note: Ucrop.it - ​​An Argentinian technology company founded in 2018, specializing in agricultural sustainability and traceability using blockchain technology, with international operations and free access for producers."
Product Traceability,Argentina,Yeah,Ucrop.it,Marketing,After,"Food Safety, Traceability and Product Storytelling",Application,Not Applicable,Producer,General,Paid,Producer ↔ Content/Platform,Private,Startup,Multilingual,No,Yeah,Digital Transformation,Accessible to Third Parties,Trazabilidad – ucrop.it,"A solution that enables communication of the origin and sustainable practices of agricultural products throughout the supply chain, using digital reports and QR codes. Note: Ucrop.it - ​​An Argentinian technology company founded in 2018, specializing in agricultural sustainability and traceability using blockchain technology, with international operations and free access for producers."
Extension Solution,Argentina,Yeah,Solidarity,Technical Advisory,Before ,"Rural Extension Management, Monitoring, and Registry",Application ,Mass media,Extensionist,General,Free,Extensionist ↔ Content/Platform,Private,International Organization,Multilingual,No,No,Digitization,Accessible to Third Parties, https://solidaridadlatam.org/brasil/extension-solution/,"The tool allows for the registration of producers, the tracking of technical visits, the structured collection of data in the field, the monitoring of productive and socio-environmental indicators, and the management of ATER actions."
Farming Solution,Argentina,Yeah,Solidarity, Management,During,Integrated Production Monitoring and Management,Application ,Mass media,Producer,General,Free,Producer ↔ Content/Platform,Private,International Organization,Multilingual,No,No,Digitization,Accessible to Third Parties,https://solidaridadlatam.org/brasil/farming-solution/,"The tool, aimed at producers, allows the registration and monitoring of production units, the collection of productive and socio-environmental data, the monitoring of agricultural practices, the control of sustainability indicators and support for decision-making on the farm, contributing to the improvement of productivity, traceability and socio-environmental performance of agricultural chains."
Agrolearning,Argentina,Yeah,Solidarity,Learning,Before ,"Content, Education and Social Network",E-learning platforms,Mass media,Both,General,Free,Producer ↔ Content/Platform,Private,International Organization,Multilingual,No,Yeah,Digitization,Accessible to Third Parties,https://solidaridadlatam.org/brasil/servicos/#solucoes-educativas,"Application that allows access to courses and tools aimed at improving agronomic practices and developing financial, digital and social skills."
"Integrated Agricultural Monitoring System

- SIMA",Argentina,Yeah,CHASM,Technical Advisory,During,Diagnostic Imaging and Identification,Application; Monitoring Panels (Dashboards),Mass media,Producer,General,Paid,Extensionist ↔ Content/Platform,Private,Private Sector,Multilingual,No,Yeah,Digital Transformation,Accessible to Third Parties,https://sima.ag/pt,"A smart farming system that allows you to perform georeferenced field monitoring, analyze information, and generate service orders."
CABI Academy Online Courses,Bolivia,Yeah,CABI,Learning,During,"Content, Education and Social Network",E-learning platforms,Mass media,Extensionist,General,Free,Extensionist ↔ Content/Platform,International Organization,International Organization,Multilingual,No,Yeah,Digitization,Accessible to Third Parties,https://academy.cabi.org/,"Free online courses and resources are available to users in Bolivia. They can be accessed online or downloaded through the generic Moodle Mobile application, offering specialized advice to both extension agents and farmers."
PlantwisePlus Factsheets,Bolivia,Yeah,CABI,Technical Advisory,During,"Content, Education and Social Network",Application ,Interpersonal,Extensionist,General,Free,Extensionist ↔ Content/Platform,International Organization,International Organization,Multilingual,No,No,Digitization,Accessible to Third Parties,https://play.google.com/store/apps/details?id=org.cabi.pfff&utm_source=flyer_fs&utm_medium=link&utm_campaign=pwp_tools&utm_term=factsheets_awareness&utm_content=gen,"A free mobile app for Android and iOS that provides country-specific information to support the diagnosis and safe management of crop pests and diseases. It can be used offline, which is especially useful for fieldwork in remote areas with limited connectivity."
Fertilizer Optimizer,Bolivia,Yeah,CABI,Technical Advisory,Before ,"Fertilizers, inoculants and nutrients",Application ,Interpersonal,Extensionist,General,Free,Extensionist ↔ Content/Platform,International Organization,International Organization,Multilingual,No,No,Digitization,Accessible to Third Parties,https://play.google.com/store/apps/details?id=org.cabi.ofra,"Mobile application that supports farmers and extension agents in defining optimized fertilizer recommendations, adjusted to the crop, the available budget and local conditions, with the aim of maximizing economic return and efficiency in the use of inputs."
Crop Sprayer,Bolivia,Yeah,CABI,Technical Advisory,Before ,"Pest Management and Control (Biological, Natural and Chemical)",Application ,Interpersonal,Extensionist,General,Free,Extensionist ↔ Content/Platform,International Organization,International Organization,Multilingual,No,No,Digitization,Accessible to Third Parties,https://play.google.com/store/apps/details?id=com.cabi.cabi_dosage_calc_android,"Mobile application that helps farmers and technicians correctly calculate pesticide dosages, converting technical recommendations into precise quantities according to the product, crop, treated area and application equipment, promoting safe and efficient use of inputs."
E-Field,Brazil,Yeah,Embrapa,Learning,During,"Content, Education and Social Network",E-learning platforms,Mass media,Producer,General,Free,Producer ↔ Content/Platform,Public,Public Research Company,Multilingual,No,Yeah,Digitization,Accessible to Third Parties,https://e-campo.sede.embrapa.br/,"A digital online training platform that offers technical content, courses, and services to support producers, technicians, and extension agents in decision-making and training in agriculture and livestock."
FarmerChat,International,Yeah,Digital Green,Technical Advisory,During,Consulting & Technical Assistance,Application,Interpersonal,Extensionist,General,Paid,Producer ↔ Extensionist,Private,Startup,Multilingual,Yeah,Yeah,Digital Transformation,Accessible to Third Parties,https://digitalgreen.org/farmer-chat/,"The app offers digital technical assistance for farmers, allowing inquiries via text, audio, or images, with support in local languages. It uses artificial intelligence to diagnose crop problems and sends timely alerts about weather, pests, and market prices, supporting production decisions."
Paddy,International,Yeah,Precision Development (PxD),Technical Advisory,During,Consulting & Technical Assistance,Application,Interpersonal,Extensionist,General,Paid,Producer ↔ Extensionist,Private,Startup,Multilingual,Yeah,No,Digital Transformation,Accessible to Third Parties,https://precisiondev.org/about-us/technology/,"A multichannel digital communication platform that allows users to send and receive messages via SMS, voice calls, WhatsApp, and other messaging applications, reaching users with varying levels of connectivity and digital literacy. It also offers personalized content with recommendations tailored to the user's profile."
Plantix,International,Yeah,Plantix,Technical Advisory,During,Diagnostic Imaging and Identification,Application,Interpersonal,Producer,General,Free,Producer ↔ Content/Platform,Private,Startup,Multilingual,No,Yeah,Digital Transformation,Accessible to Third Parties,https://plantix.net/en/,"It uses image recognition with artificial intelligence to diagnose pests, diseases, and nutrient deficiencies from a photo of a sick plant."
Yara CheckIT,International,No,Yara,Technical Advisory,During,"Fertilizers, inoculants and nutrients",Application,Interpersonal,Producer,"Specific (Potatoes, wheat, barley, corn, beans, rapeseed)",Free,Producer ↔ Content/Platform,Private,Private Sector,Multilingual,No,Yeah,Digitization,Accessible to Third Parties,https://platform.nutri-checknet.eu/available_products_and_tools/104/yara-checkit,"An agricultural application that provides farmers with a photographic library of crops, allowing for the simple and rapid identification of potential nutrient deficiencies."
Livestock Control,International,No,Livestock Control,Technical Advisory,During,Integrated Production Monitoring and Management,Application,Interpersonal,Producer,Specific (bovine),Freemium,Producer ↔ Content/Platform,Private,Startup,Multilingual,No,Yeah,Digital Transformation,Accessible to Third Parties,https://www.controlganadero.app/,"Livestock management application that allows producers to fully track the life cycle of their herd, including animal records, production (meat and milk), health treatments, births and sales"
VacApp,International,No,VacApp, Management,Before ,Animal Nutrition and Health,Application,Interpersonal,Producer,Specific (bovine),Paid,Producer ↔ Content/Platform,Private,Startup,Multilingual,No,No,Digitization,Accessible to Third Parties,https://vacapp.net/es/#overview,"Management application designed specifically for extensive livestock farming (cattle, horses, sheep and goats)."
AGvisorPRO,International,No,AGvisorPRO,Technical Advisory,During,"Content, Education and Social Network",Website,Mass media,Both,General,Free,Producer ↔ Extensionist,Private,Private Sector,Multilingual,Yeah,Yeah,Digitization,Accessible to Third Parties,https://getagvisorpro.com/about-agvisorpro-answers-now/#popup-menu-anchor,It is a global platform that connects rural producers with agricultural specialists to resolve doubts and find solutions in real time.
Ties,International,No,FAO,Communication,During,"Content, Education and Social Network",Application,Mass media,Producer,Specific (cotton),Free,Producer ↔ Producer,International Organization,International Organization,Multilingual,No,No,Digitization,Accessible to Third Parties,https://play.google.com/store/apps/details?id=org.csslazos.lazos; https://apps.apple.com/br/app/lazos-con%C3%A9ctate-rural/id1659671550,"A social network connecting the cotton sector—producers, rural organizations, institutions, companies, academia, educational establishments, and others. The app shares news, events, and other content, and features virtual communities organized around specific topics (agroecological cotton, food security, cotton certification, markets, seeds, etc.)."
Access Agriculture (Belgium),International,No,Access Agriculture,Learning,During,"Content, Education and Social Network",Website + App,Mass media,Producer,General,Free,Producer ↔ Content/Platform,Organized Civil Society,NGO / CSO,Multilingual,No,No,Digitization,Accessible to Third Parties,https://www.accessagriculture.org/our-mission,"To build an open-access video platform containing the world's largest resource of broadcast-quality, multilingual training videos on agroecological principles and rural entrepreneurship that combine scientific and indigenous knowledge."
AcroSeeker™ (Japan),International,No,"Nihon Nohyaku Co., Ltd. and 
NTT DATA CCS CORPORATION",Technical Advisory,During,"Pest Management and Control (Biological, Natural and Chemical)",Application,Mass media,Producer,General,Free,Producer ↔ Content/Platform,Private,Startup,Multilingual,No,Yeah,Digital Transformation,Accessible to Third Parties,https://play.google.com/store/apps/details?id=com.nichino.ai.diagnosis&hl=pt_BR,". The “AcroSeeker™” is a tool that uses artificial intelligence to help diagnose diseases, pests and weeds affecting your plants, in addition to providing information on effective pesticides to eliminate them. Use your device to photograph damage caused by damage, damage, or damage in your work, then tap the AI ​​Diagnostics button to diagnose the damage."
AgriAssist (Australia),International,No,Niranjan Somashekar, Management,During,Integrated Production Monitoring and Management,Application,Mass media,Producer,General,Paid,Producer ↔ Content/Platform,Private,Private Sector,Multilingual,No,No,Digital Transformation,Accessible to Third Parties,https://play.google.com/store/apps/details?id=app.agriassist.com,"AgriAssist: an agricultural app with artificial intelligence and offline functionality. Developed for farmers in rural areas with limited connectivity, AgriAssist combines specialized knowledge, AI tools, and practical planning resources. It features a simple, multilingual interface, guides, calculators, and records."
Agrobio Side Effects,International,No,"AGROBIO SL
",Technical Advisory,Before ,"Pest Management and Control (Biological, Natural and Chemical)",Application,Mass media,Producer,General,Free,Producer ↔ Content/Platform,Private,Private Sector,Multilingual,No,No,Digitization,Accessible to Third Parties,"https://www.agrobio.es/
https://play.google.com/store/apps/details?id=com.agrobio.efectos","Manual of collateral effects for the integrated use of pesticides and biological control organisms or pollinators in horticulture. The application is translated into Dutch, English, German and Spanish."
CropLife Educational Institution (Colombia),International,No,CropLife Latin America,Learning,During,"Content, Education and Social Network",Application,Mass media,Producer,General,Free,Producer ↔ Content/Platform,International Organization,Association,Multilingual,No,Yeah,Digitization,Accessible to Third Parties,"https://cursos.croplifela.org/pt/ 
https://play.google.com/store/apps/details?id=com.cursos_croplifela","The CropLife Latin America educational app is a learning platform focused on training in topics related to pest management and control technologies. It offers free courses in Spanish, English, and Portuguese, as well as videos and lectures, allowing flexible access to content via mobile phone, at different times and locations. The app also allows users to take knowledge tests and receive training support, assisting with training and certification processes."
Bug ID: Insect Identifier AI (Cyprus),International,No,Picture & Photo Identifier Company Ltd,Technical Advisory,During,Diagnostic Imaging and Identification,Application,Mass media,Producer,General,Paid,Producer ↔ Content/Platform,Private,Private Sector,Multilingual,No,Yeah,Digital Transformation,Accessible to Third Parties,"https://play.google.com/store/apps/details?id=com.niroapps.insects; 
https://apps.apple.com/us/app/bug-identifier-ai-insect-id/id1588031278","The Insect Identification application allows you to recognize insects by submitting a photo, using artificial intelligence. The tool consults a large image bank to assist in the identification of different species of insects and spiders, offering support for observation and knowledge of the biodiversity present in productive areas and the environment."
CABI Bioprotection Portal,International,No,CABI,Technical Advisory,Before ,"Pest Management and Control (Biological, Natural and Chemical)",Site,Mass media,Both,General,Free,Producer ↔ Content/Platform,International Organization,NGO / CSO,Multilingual,No,Yeah,Digital Transformation,Accessible to Third Parties,https://bioprotectionportal.com/homepage/?pk_abe=BPP-Production-Site-HomePage-AB-test&pk_abv=homepage,"A free, accessible digital tool that compiles information on biocontrol and biopesticide products registered in different countries. A platform allows users to consult technical data to identify and use these products appropriately without agricultural management. It is currently available online, with plans for an offline version."
CABI Compendium: Crop Protection,International,No,CABI,Learning,During,"Content, Education and Social Network",Site,Mass media,Both,General,Paid,Producer ↔ Content/Platform,International Organization,NGO / CSO,Multilingual,No,Yeah,Digital Transformation,Accessible to Third Parties,https://www.cabidigitallibrary.org/product/QC,"This channel gathers technical information on agricultural practices and topics related to plant health, with the aim of supporting consultation and decision-making. Knowledge of global scope is regularly updated with new scientific evidence and data produced by specialized organizations."
Codex Alimentarius,International,No,FAO,Technical Advisory,Before ,"Pest Management and Control (Biological, Natural and Chemical)",Site,Mass media,Both,General,Free,Producer ↔ Content/Platform,International Organization,International Organization,Multilingual,No,Yeah,Digitalization,Accessible to Third Parties,https://www.fao.org/fao-who-codexalimentarius/codex-texts/dbs/pestres/pesticides/en/,"Gather standards and texts related to food safety. The page presents an index of pesticides, where it is possible to consult information on the authorized uses of each substance, based on internationally approved standards by FAO and WHO."
Di@gnoPlant Tomato (France),International,No,INRAE,Technical Advisory,During,Diagnostic Imaging and Identification,Application,Mass media,Producer,General,Free,Producer ↔ Content/Platform,Private,Private Sector,Multilingual,No,No,Digital Transformation,Accessible to Third Parties,https://apps.apple.com/us/app/di-gnoplant-tomate/id488120582,"An application developed by INRA to identify tomato diseases and pests in open fields and protected environments. The tool allows for the visual recognition of various problems affecting the crop, using image series to aid in the gradual identification of possible causes, whether parasitic or not, thus contributing to technical diagnosis in crop management."
Lagarta-do-Cartucho Early Warning and Monitoring System (FAMEWS),International,No,FAO,Technical Advisory,Before ,"Pest Management and Control (Biological, Natural and Chemical)",Application,Mass media,Both,General,Free,Producer ↔ Content/Platform,International Organization,International Organization,Multilingual,No,Yeah,Digital Transformation,Accessible to Third Parties,https://apps.apple.com/us/app/famews/id1476559185,"A mobile application designed by the FAO to implement Prague monitoring in different regions. The tool allows for the standardized recording of field observations by farmers, extension agents, and other stakeholders, contributing to the monitoring of the botfly larvae remediation program and the generation of early warning information at both local and global levels."
FAO eLearning Academy,International,No,FAO,Learning,During,"Content, Education and Social Network",Site,Mass media,Both,General,Free,Producer ↔ Content/Platform,International Organization,International Organization,Multilingual,No,Yeah,Digitization,Accessible to Third Parties,https://elearning.fao.org/?lang=em,"A distance learning platform that brings together free training content in different languages. Courses can be completed at the participant's own pace, with online access or downloadable materials, supporting learning on diverse topics according to individual needs and interests."
FAO Gafanhoto PMS (Italy),International,No,FAO,Technical Advisory,Before ,"Pest Management and Control (Biological, Natural and Chemical)",Application,Mass media,Both,General,Free,Producer ↔ Content/Platform,International Organization,International Organization,Multilingual,No,Yeah,Digitization,Accessible to Third Parties,https://play.google.com/store/apps/details?id=org.fao.locust_pms,FAO Pesticide Management System for the Control of Gafanhotos to facilitate the management of pesticides and equipment used without gafanhotos control.
FarmBetter – Extension Agent App (UK),International,No,"Farmbetter Ltd.


",Communication,During,"Content, Education and Social Network",Application,Mass media,Producer,General,Free,Producer ↔ Content/Platform,International Organization,NGO / CSO,Multilingual,No,,Digitization,Accessible to Third Parties,https://play.google.com/store/apps/details?id=io.farmbetter.farmbetter_extension_agent_app,"Application focused on the work of extension agents and field agents. The tool allows for the registration of farmer information, technical visits, collection of production data, and monitoring of activities carried out on properties. The application supports the organization of rural extension work, facilitating the support of producers and the systematization of information collected in the field."
FarmXtension Cocoa Global (Indonesia),International,No,PT. KOLTIVA,Marketing,Before ,"Document Management, Certifications, Registrations and Regularization",Application,Mass media,Producer,Specific (Cocoa),Free,Producer ↔ Content/Platform,Private,Startup,Multilingual,No,Yeah,Digital Transformation,Accessible to Third Parties,https://play.google.com/store/apps/details?id=com.nestle.cocoatrace,"CocoaTrace is an application designed to monitor and track the cocoa production cycle. The tool allows users to record information about producers, production, and marketing, contributing to the monitoring of activities in the field and promoting transparency throughout the production chain."
Meteobot (Bulgaria),International,No,Prointegra Ood,Technical Advisory,During,"Meteorology, Climate and Irrigation",Application,Mass media,Producer,General,Freemium,Producer ↔ Content/Platform,Private,Private Sector,Multilingual,No,Yeah,Digital Transformation,Accessible to Third Parties,https://play.google.com/store/apps/details?id=biz.prointegra.meteobot; https://apps.apple.com/gb/app/meteobot/id1266582375,Weather station application that requires real-time information on weather conditions and only in cultivated areas.
Pesticides and Alternatives (Italy),International,No,ISEAL Alliance,Technical Advisory,Before ,"Pest Management and Control (Biological, Natural and Chemical)",Application,Mass media,Producer,General,Free,Producer ↔ Content/Platform,Private,Private Sector,Multilingual,No,Yeah,Digitization,Accessible to Third Parties,https://apps.apple.com/us/app/pesticides-alternatives/id1461460997,"A multilingual tool designed to support pest control with less environmental and human health impact. The application is aimed at auditors and decision-makers working on farms, in agricultural and forestry areas. The tool allows users to consult pesticide toxicity information based on data from government authorities, international agreements, and academic institutions; check the restricted status of more than 700 active ingredients according to various certification systems and standards; access lists of registered pesticides by crop and pest in Mexico and India, and by crop in Brazil, Colombia, and Kenya; and consult non-chemical alternatives for controlling nearly 2,700 pests and diseases based on information from CABI, including access to PlantWise. The application is also available with an interface and content in English, Spanish, and Portuguese."
PictureThis Identify Plant (Hong Kong),International,Yeah,Glority Global Group Limited,Technical Advisory,During,Diagnostic Imaging and Identification,Application,Mass media,Both,General,Paid,Producer ↔ Content/Platform,Private,Private Sector,Multilingual,No,Yeah,Digital Transformation,Accessible to Third Parties,https://play.google.com/store/apps/details?id=cn.danatech.xingseus,"A highly accurate digital tool for plant identification, capable of recognizing a large number of species daily. It allows users to identify flowers, trees, succulents, and other plants, offering descriptive information, images, and basic care guidelines. This tool can be used by both expert and novice users, supporting their learning and care of plants and gardens."
Plant Doenças Identifier (China),International,Yeah,Aleksei Metelkin,Technical Advisory,During,Diagnostic Imaging and Identification,Application,Mass media,Both,General,Free,Producer ↔ Content/Platform,Private,Private Sector,Multilingual,No,Yeah,Digital Transformation,Accessible to Third Parties,https://apps.apple.com/us/app/plant-disease-identifier/id1550499292,"This application, based on computer vision and machine learning techniques, is designed to identify leaf spot in plants from images of leaves with visual symptoms. The tool gathers information on over 300 plant species and provides general guidance on possible management and treatment strategies. Use the appropriate pressure and take into account the technical recommendations and instructions provided by the application."
Simple approval of the structure for the farmer only (United Kingdom),International,No,Landwirtschaftsverlag GMBH,Technical Advisory,Before ,Soil and Plant Analysis,Application,Mass media,Producer,General,Free,Producer ↔ Content/Platform,Private,Private Sector,Multilingual,No,No,Digitization,Accessible to Third Parties,https://apps.apple.com/us/app/simple-soil-structure-assessment-for-the-farmer/id882487664,"It presents a simplified method for evaluating soil structure, with the aim of supporting the analysis of its current state in direct planting and agricultural traffic management contexts. The evaluation considers different layers of the soil profile: surface, cultivated surface soil, base of the surface soil, and adjacent subsoil, examining aspects such as structural organization, root penetration, biological activity (such as the presence of insects), and residue incorporation."
Agrofocal,Uruguay,No,Agrofocal,Technical Advisory,During,Diagnostic Imaging and Identification,Application,Mass media,Producer,"Specific (grape, orange, morango)",Freemium,Producer ↔ Content/Platform,Private,Private Sector,Multilingual,No,Yeah,Digital Transformation,Accessible to Third Parties,"https://agrofocal.ai/
https://apps.apple.com/us/app/agrofocal/id1643921543","Agrofocal Technologies develops a digital crop monitoring system focused on tracking crop productivity and health. The Agrofocal app allows users to utilize this system directly in the field, facilitating real-time crop recording and monitoring. It also enables the transmission of videos of cultivated areas for technical analysis, contributing to the observation of crop development and the identification of potential problems throughout the production cycle.

"
Ater+ Digital,Brazil,Yeah,Embrapa,Technical Advisory,During,"Content, Education and Social Network",Website,Mass media,Extensionist,General,Free,Extensionist ↔ Content/Platform,Public,Public Research Company,Portuguese,Yeah,Yeah,Digitization,Accessible to Third Parties,https://www.atermaisdigital.cnptia.embrapa.br/,"This platform offers a wide range of digital content and tools to support the work of extension agents. This includes a repository of videos, audio files, applications, technical guides, infographics, and online courses, organized by thematic areas."
Impactools - Operação,Brazil,Yeah,ManejeBem,Technical Advisory,During,Consulting & Technical Assistance,Application,Interpersonal,Extensionist,"Specific (vegetables, agroecology)",Paid ,Producer ↔ Extensionist,Private,Startup,Portuguese,Yeah,No,Digital Transformation,Accessible to Third Parties,https://manejebem.com/impactools-operacao/,"It is a digital solution geared towards planning, recording, and M&E of field actions, enabling: operational management of activities (technical visits, schedules and responsible parties); structured collection of field data; monitoring of indicators and results; generation of reports that support accountability, impact assessment and project management; and support for ATER technical teams and programs, integrating operational and analytical information."
AgroAssist,Brazil,Yeah,ManejeBem, Management,During,Integrated Production Monitoring and Management,Application,Not Applicable,Extensionist,General,Paid ,Extensionist ↔ Content/Platform,Private,Startup,Portuguese,Yeah,No,Digital Transformation,Accessible to Third Parties,https://manejebem.com/impactools-agroassist/,"A WhatsApp-integrated solution that uses artificial intelligence to transform audio, photos, text, and documents sent by the technician into structured records and reports, facilitating technical tracking, field activity management, and results evaluation."
My Rural Property,Brazil,Yeah,Federal Government of Brazil, Management,Before ,"Document Management, Certifications, Registrations and Regularization",Website + App,Interpersonal,Producer,General,Free,Producer ↔ Content/Platform,Public,Ministry / Federal Government,Portuguese,No,Yeah,Digitalization,Accessible to Third Parties,https://www.gov.br/gestao/pt-br/assuntos/meu-imovel-rural,"Application that brings together, in a single digital environment, the main documents and information on properties and possessions in Brazil."
Services and Information of Brazil - Gov.br,Brazil,Yeah,Federal Government of Brazil, Management,Before ,Credit and finance services,Website + App,Interpersonal,Producer,General,Free,Producer ↔ Content/Platform,Public,Ministry / Federal Government,Portuguese,No,Yeah,Digitalization,Accessible to Third Parties,https://www.gov.br/pt-br/perfil_usuario/agricultor,"Digital platform that centralizes, in a single space, services and information aimed at farmers, such as registration of rural properties, access to credits and benefits, training, technological innovation and rights of the rural producer."
Agrotrace (extension agent),Brazil,Yeah,IBS, Management,During,Consulting & Technical Assistance,Application,Interpersonal,Extensionist,General,Paid ,Producer ↔ Extensionist,Private,Startup,Portuguese,No,Yeah,Digitization,Accessible to Third Parties,https://www.agrotrace.com.br/,"It offers tools for monitoring the farms served, recording visits and Technical Advisory, monitoring productive and socio-environmental indicators, generating reports, and supporting the management and evaluation of ATER programs."
Agrotrace (producer),Brazil,Yeah,IBS, Management,During,Integrated Production Monitoring and Management,Application,Interpersonal,Producer,General,Paid ,Producer ↔ Content/Platform,Private,Startup,Portuguese,No,Yeah,Digitization,Accessible to Third Parties,https://www.agrotrace.com.br/,"It allows you to record information on production, inputs and handling, organize farm data, comply with traceability and certification requirements, demonstrate the origin and quality of products and facilitate access to markets that demand transparency and socio-environmental compliance."
Check Milk,Brazil,No,IBS,Technical Advisory,During,Integrated Production Monitoring and Management,Website + App,Interpersonal,Extensionist,Specific (milk),Paid,Producer ↔ Content/Platform,Private,Startup,Portuguese,No,Yeah,Digitization,Accessible to Third Parties,https://www.checkmilk.com.br/,"A digital platform focused on milk quality management, which allows monitoring of production and health indicators, recording laboratory analyses, tracking compliance with quality standards, supporting decision-making on the farm, and strengthening traceability."
Agritempo,Brazil,Yeah,Embrapa,Technical Advisory,During,"Meteorology, climate and irrigation",Website + App,Mass media,Producer,General,Free,Producer ↔ Content/Platform,Public,Public Research Company,Portuguese,No,Yeah,Digitization,Accessible to Third Parties,https://www.agritempo.gov.br/br/,"An Agrometeorological Monitoring System that allows users to access, via the Internet, meteorological and agrometeorological information from various Brazilian municipalities and states. The system receives daily data from more than 1,600 weather stations belonging to different institutions, providing information that helps reduce costs and increase productivity."
Zarc - Plantio Certo,Brazil,Yeah,Embrapa,Technical Advisory,During,"Meteorology, climate and irrigation",Application,Mass media,Producer,General,Free,Producer ↔ Content/Platform,Public,Public Research Company,Portuguese,No,Yeah,Digitization,Accessible to Third Parties,https://www.plantiocerto.cnptia.embrapa.br/,"It shows the best planting dates for various crops in Brazil. It retrieves data from the Agricultural Zoning of Climate Risk (ZARC), allowing producers in each municipality to identify the best planting time according to different soil types and production cycles."
SENAR producer connects,Brazil,No,SENAR,Technical Advisory,During,Consulting & Technical Assistance,Website + App,Mass media,Producer,General,Free,Producer ↔ Content/Platform,Public,Other,Portuguese,Yeah,Yeah,Digitization,Accessible to Third Parties,https://apps.apple.com/br/app/conecta-produtor-senar/id6502522051,"Technical assistance management and monitoring application that allows rural producers to organize production and financial information, record data, and monitor technical visits in a single digital environment."
SENAR Play,Brazil,Yeah,SENAR,Learning,During,"Content, Education and Social Network",Application,Mass media,Producer,General,Free,Extensionist ↔ Content/Platform,Public,Other,Portuguese,No,Yeah,Digitization,Accessible to Third Parties,https://ead.senar.org.br/aplicativo-senar,"A digital platform that offers videos, courses and online educational content aimed at training rural producers, agricultural workers and agricultural technicians."
COMPINST System,Brazil,No,Emater,Marketing,After,Government sales,Website,Not Applicable,Producer,General,Not Applicable,Extensionist ↔ Content/Platform,Public,ATER Company / Public Extension Service,Portuguese,Yeah,Yeah,Digitization,Internal (Institutional) Use,https://new.emater.df.gov.br/,"The COMPINST system allows the entire public procurement process of the Food Acquisition Program (PAA) — from the confirmation of the offer to the logistical coordination and the registration of the operations — to be carried out in a fully digital manner, streamlining and organizing the management between extension agents and farmers."
Monitor das secas,Brazil,No,ANN,Technical Advisory,During,"Meteorology, climate and irrigation",Website + App,Mass media,Producer,General,Free,Producer ↔ Content/Platform,Public,Ministry / Federal Government,Portuguese,No,Yeah,Digitization,Accessible to Third Parties,https://monitordesecas.ana.gov.br/mapa?mes=10&ano=2025,"Climate monitoring tool that provides real-time information on drought and water stress conditions. It offers early warnings for producers and extension agents, enabling proactive risk management and the planning of mitigation actions integrated with the ATER (Agricultural Territorial Reduction Area)."
Aurora Network,Brazil,No,USP,Learning,During,"Content, Education and Social Network",Website,Mass media,Extensionist,General,Free,Extensionist ↔ Content/Platform,Public,University,Portuguese,No,Yeah,Digitization,Accessible to Third Parties,https://www.youtube.com/@redeauroraater,Network and YouTube channel that brings together content and practical cases about ATER in digital communication environments.
Zap Rural,Brazil,No,EPAGRI,Learning,During,"Content, Education and Social Network",Messaging Groups,Mass media,Producer,General,Free,Producer ↔ Content/Platform,Public,ATER Company / Public Extension Service,Portuguese,Yeah,Yeah,Digitization,Accessible to Third Parties,https://whatsapp.com/channel/0029Va6gqE27NoZtKtkHsu0K,"A digital outreach initiative that uses WhatsApp to deliver content and practical guidance directly to family farmers. The initiative involves sending short videos and messages weekly on topics such as sustainable management, food production, production organization, and food security."
Hortify,Brazil,No,Hortify, Management,During,Integrated Production Monitoring and Management,Application,Interpersonal,Producer,Specific (vegetables),Paid ,Producer ↔ Content/Platform,Private,Startup,Portuguese,No,Yeah,Digitization,Accessible to Third Parties,https://hortify.app/ ,"A platform that aggregates production, labor, inventory, and financial data, integrated with algorithms that support decision-making. Furthermore, the platform complies with Brazilian government requirements, incorporating a traceability process."
Rural Prose,Brazil,No,Embrapa,Technical Advisory,During,"Content, Education and Social Network",Website + App,Mass media,Producer,General,Free,Producer ↔ Content/Platform,Public,Public Research Company,Portuguese,No,No,Digitization,Accessible to Third Parties,https://play.google.com/store/apps/details?id=com.prosa.rural,"It offers access to audio files of radio programs produced by Embrapa, as well as to Prosa Rural's online radio. The audio files and online radio programs are categorized by region."
Prague Control,Brazil,Yeah,Embrapa,Technical Advisory,Before ,"Pest Management and Control (Biological, Natural and Chemical)",Website + App,Not Applicable,Extensionist,General,Free,Extensionist ↔ Content/Platform,Public,Public Research Company,Portuguese,No,Yeah,Digitization,Accessible to Third Parties,https://www.atermaisdigital.cnptia.embrapa.br/web/controle-de-pragas/pragas,"It compiles technical information on agricultural pests, including identification, characteristics, affected crops, and management and control guidelines. The tool supports producers and rural extension technicians in pest diagnosis and decision-making."
Bio-inputs,Brazil,Yeah,Embrapa,Technical Advisory,Before ,"Pest Management and Control (Biological, Natural and Chemical)",Website + App,Not Applicable,Extensionist,General,Free,Extensionist ↔ Content/Platform,Public,Public Research Company,Portuguese,No,Yeah,Digitization,Accessible to Third Parties,https://www.embrapa.br/busca-de-solucoes-tecnologicas/-/produto-servico/7227/aplicativo-bioinsumos,"The application is a result of the Bio-inputs Program of the Ministry of Agriculture, Livestock and Supply (MAPA) and seeks to consolidate a National Catalog of Bio-inputs to facilitate and promote access to information on the products available for use and where to find them."
Digital signs,Brazil,No,Central 12,Marketing,After,"Food Safety, Traceability and Product Storytelling",Website,Not Applicable,Producer,General,Paid,Producer ↔ Content/Platform,Private,Startup,Portuguese,No,Yeah,Digitization,Accessible to Third Parties,https://central12.com.br/,"A digital label accessible via QR code that centralizes and makes available detailed information about the product — such as origin, traceability, production processes, certifications and sustainability aspects — strengthening transparency and direct communication between agricultural brands and consumers."
INCRALEGIS,Brazil,No,CEGAFI- UnB,Learning,During,"Content, Education and Social Network",Application,Interpersonal,Extensionist,General,Free,Extensionist ↔ Content/Platform,Public,University,Portuguese,Yeah,Yeah,Digitalization,Accessible to Third Parties,https://www.cegafiunb.com/aplicativos/,"It facilitates access to Brazilian agrarian legislation. It covers topics such as expropriation for agrarian reform, environmental licensing, georeferencing, regularization of land tenure, restitution of possession of public lands, real estate allocation, titling, and quilombola territories."
Põe na Cesta,Brazil,No,Emater-DF,Marketing,After,Online Store (E-commerce) and Marketplace Platforms,Website,Mass media,Producer,General,Free,Producer ↔ Content/Platform,Public,ATER Company / Public Extension Service,Portuguese,No,Yeah,Digitization,Accessible to Third Parties,https://dfrural.emater.df.gov.br/poenacesta/,"Emater-DF's digital tool connects rural producers and consumers, facilitating the distribution and sale of local food products. Through the platform, users can locate producers, learn about the types of products offered, their origin, and contact information, strengthening the local economy and promoting the consumption of fresh, high-quality food, without fees or financial intermediation."
ADAMA Target (Alvo),Brazil,No,ADAMA,Technical Advisory,During,"Pest Management and Control (Biological, Natural and Chemical)",Application,Mass media,Producer,"Specific (soybean, milho, cotton, wheat, cane and coffee)",Free,Producer ↔ Content/Platform,Private,Startup,Portuguese,No,No,Digitalization,Accessible to Third Parties,https://www.adama.com/brasil/pt/adama-alvo,"ADAMA Target is an app that helps identify the main pests, weeds, and diseases affecting Brazilian crops such as soybeans, corn, wheat, cotton, sugarcane, and coffee, using a comprehensive image database. Find information on the life cycle, appropriate treatment, economic impact, and a description of each problem in Brazilian crops. If you can't find the target, take a photo, send it, and get help."
Aegro Campo,Brazil,No,Aegro, Management,During,Integrated Production Monitoring and Management,Application,Mass media,Producer,General,Paid,Producer ↔ Content/Platform,Private,Startup,Portuguese,No,No,Digital Transformation,Accessible to Third Parties,"https://aegro.com.br/solucoes/gestao-rural/
https://play.google.com/store/apps/details?id=com.aegro.aegroapp
https://apps.apple.com/us/app/aegro-campo/id1105392365?l=pt-BR","Aegro is an application that effectively integrates agricultural and financial data, helping you make more profitable decisions. The main advantages of using Aegro are: monitoring farm operations remotely and in real time; and having greater control over agricultural production costs."
Agriculture SC,Brazil,No,Secretary of Agriculture of Santa Catarina,Communication,During,"Content, Education and Social Network",Application,Mass media,Producer,General,Free,Producer ↔ Content/Platform,Public,State/Provincial Government,Portuguese,No,Yeah,Digitization,Accessible to Third Parties,"https://apps.apple.com/us/app/agricultura-sc/id6739265025; 
https://play.google.com/store/apps/details?id=com.sar.agriculturasc","The main agricultural app in Santa Catarina is Agricultura SC, from the Secretariat of Agriculture and Livestock (SAPE). This app compiles news, programs, services, and information from Epagri, Cidasc, and Ceasa, making it ideal for Santa Catarina producers to stay up-to-date. In addition, Epagri Mob offers practical tools such as weather forecasts, disease monitoring, and agricultural technologies."
AgroApp,Brazil,No,Agroapp Solucoes Agro Digitais LTDA,Technical Advisory,Before ,"Pest Management and Control (Biological, Natural and Chemical)",Application,Mass media,Producer,"Specific (cotton, rice, sweet potato, coffee, sugar cane, citrus, feijão, sunflower, milho, pastagens, soy, sorghum, tomato and wheat)",Free,Producer ↔ Content/Platform,Private,Private Sector,Portuguese,No,No,Digitization,Accessible to Third Parties,"https://agroapp.com.br/recursos/
https://play.google.com/store/apps/details?id=br.com.agroapp","The application compiles agricultural information in an organized and easily accessible way. It was developed considering the difficulty farmers and technicians face in finding reliable and structured information in their daily work in the field. While a large amount of content is available online, much of it is scattered and inaccessible offline, precisely when it is most needed. In this sense, the application aims to facilitate the practical use of information in the field, even in contexts of limited connectivity."
AgroCaderno,Brazil,No,"Harvest Apps Ltd.

",Technical Advisory,Before ,"Pest Management and Control (Biological, Natural and Chemical)",Application,Mass media,Producer,General,Paid,Producer ↔ Content/Platform,Private,Private Sector,Portuguese,No,No,Digitization,Accessible to Third Parties,https://play.google.com/store/apps/details?id=com.mycompany.agrobulas,"A digital tool designed to facilitate the organization and recording of agricultural activities. The application allows users to monitor pesticide use, record spraying, and note key operations performed on the property, contributing to more systematic information management. It also facilitates the sharing of records among team members, making it easier to track daily production activities."
Agrolink,Brazil,No,Agrolink,Marketing,After,Online Store (E-commerce) and Marketplace Platforms,Site,Mass media,Producer,"Specific (Algodão, Rice, Coffee, Cana, Feijão, Milho, Soy and Wheat)",Free,Producer ↔ Content/Platform,Private,Private Sector,Portuguese,No,,Digitization,Accessible to Third Parties,https://www.agrolink.com.br/agrolinkfito/,"A digital agricultural information platform that brings together news, technical content, and data of interest to the agricultural sector. It serves as an information resource on topics such as pesticide use, market information, agricultural prices, weather forecasts, and audiovisual materials, facilitating access to information for producers, technicians, and other stakeholders in rural areas."
AgroPragas Passion Fruit,Brazil,No,Embrapa,Technical Advisory,Before ,"Pest Management and Control (Biological, Natural and Chemical)",Application,Mass media,Producer,Specific (Passion Fruit),Free,Producer ↔ Content/Platform,Public,Public Research Company,Portuguese,No,No,Digitization,Accessible to Third Parties,https://play.google.com/store/apps/details?id=br.embrapa.cnpmf.gicp_maracujazeiro,"A tool for integrated pest and disease management in passion fruit. It compiles technical information on identification, monitoring, and control strategies, helping farmers and technicians make informed decisions about crop management. The application organizes the content in a practical way, contributing to a more efficient use of inputs and improving the health and productivity of passion fruit orchards."
BASF Agro,Brazil,No,BASF SA,Marketing,Before ,"Fertilizers, inoculants and nutrients",Application,Mass media,Producer,General,Free,Producer ↔ Content/Platform,Private,Private Sector,Portuguese,No,Yeah,Digitization,Accessible to Third Parties,https://play.google.com/store/apps/details?id=br.com.basf.agro,"The tool compiles information related to agricultural production, including guidelines on pesticide use, as well as content focused on accessing market information. Its objective is to support farmers and technicians in monitoring the productive and commercial aspects of agricultural activity, facilitating access to relevant data for planning and decision-making in daily field operations."
Agricultural Defensive Bulário,Brazil,No,Samuel Campos Lopes da Silva Technology,Technical Advisory,Before ,"Pest Management and Control (Biological, Natural and Chemical)",Application,Mass media,Both,General,Free,Producer ↔ Content/Platform,Private,Private Sector,Portuguese,No,Yeah,Digitalization,Accessible to Third Parties,https://play.google.com/store/apps/details?id=appsmoveis.com.br.bulariodefensivosagricolas,"This application is designed to support agronomists and farmers in the management of agricultural pesticides. It contains a database of over 1,800 registered products and can be used offline. The tool allows searches by product, active ingredient, or manufacturer, facilitating access to technical information for daily fieldwork."
Calagem & Adubação,Brazil,No,Daniel Baltazar Schneider,Technical Advisory,Before ,Soil and Plant Analysis,Application,Mass media,Both,General,Freemium,Producer ↔ Content/Platform,Private,Private Sector,Portuguese,No,No,Digitization,Accessible to Third Parties,"https://datalu.com.br/pages/calagemadubacao.html
https://play.google.com/store/apps/details?id=br.com.stringsoft.calagem_brasil","An app designed to simplify the technical planning of liming, fertilization, and input distribution in the field. It includes tools for calculating liming requirements, the quantity of amendments and fertilizers, calibrating lime and fertilizer spreaders, and adjusting seeders and fertilizer applicators. Based on soil analysis data, the app performs the necessary calculations and allows users to measure areas using maps. It also offers phytosanitary consultations and other useful management information, all conveniently accessible directly on your mobile device."
Planting Calculations,Brazil,No,Daniel Baltazar Schneider,Technical Advisory,Before ,Soil and Plant Analysis,Application,Mass media,Both,General,Freemium,Producer ↔ Content/Platform,Private,Private Sector,Portuguese,No,No,Digitization,Accessible to Third Parties,https://play.google.com/store/apps/details?id=br.com.datalu.plantecerto; https://apps.apple.com/jp/app/c%C3%A1lculos-de-plantio/id6743328754,"It offers precise calculations for sowing major cereals, allowing you to determine the ideal seed quantity and spacing. In addition, the application includes a dedicated module for germination testing."
GID Inemigos Naturais,Brazil,No,"IAPAR - EMATER
",Technical Advisory,During,Diagnostic Imaging and Identification,Application,Mass media,Both,General,Free,Producer ↔ Content/Platform,Public,Public Research Company,Portuguese,No,No,Digitization,Accessible to Third Parties,https://play.google.com/store/apps/details?id=br.gov.pr.idrparana.inimigos_naturais_soja,"This application, developed by IDR-Paraná, brings together descriptions and images to facilitate the identification of predatory and parasitoid insects associated with agricultural pest control. The content is presented in simple language, making it easy to understand for users less familiar with entomological taxonomy, and can be used to support the training and development of farmers, students, and professionals in the agricultural sector."
"Calagem App
",Brazil,No,Danilo Andrade Santos,Technical Advisory,Before ,"Fertilizers, inoculants and nutrients",Application,Mass media,Both,General,Paid,Producer ↔ Content/Platform,Private,Private Sector,Portuguese,No,No,Digitization,Accessible to Third Parties,"https://calagemapp.com/
https://play.google.com/store/apps/details?id=com.calagem_app.codigo.agro.dados.agro",Calagem App is a calculation assistant that recommends liming needs and the amount of acidity regulators required. Enter your soil analysis data and let Calagem App perform the calculations and generate a personalized PDF recommendation for you to share with your contacts.
RecetuAgro,Brazil,No,Lucinei Robson Loch,Technical Advisory,Before ,"Pest Management and Control (Biological, Natural and Chemical)",Application,Mass media,Producer,General,Paid,Producer ↔ Content/Platform,Private,Private Sector,Portuguese,No,Yeah,Digitization,Accessible to Third Parties,"https://receituagro.agrimind.com.br/
https://play.google.com/store/apps/details?id=br.com.agrimind.pragassoja","Consult the products indicated for the treatment of the main pests and diseases that attack a wide variety of crops; find recommendations for pesticide application, dosage and preparation of spray solutions."
Water Crop,Brazil,No,Crops Team Consulting Services Research and Development LTDA,Technical Advisory,Before ,Waste and Water Management,Application,Mass media,Producer,General,Free,Producer ↔ Content/Platform,Private,Private Sector,Portuguese,No,Yeah,Digitization,Accessible to Third Parties,https://play.google.com/store/apps/details?id=com.cropsteam.watercrop,"An application focused on irrigation management, developed to help farmers and consultants make decisions about water use in sprinkler-irrigated crops. The tool helps define the timing and volume of irrigation, considering variables such as crop characteristics, planting date, and soil type, thus contributing to more efficient water resource management."
Online Agricultural Consultations - Consult with experts,Argentina,Yeah,Online Agricultural Consultations,Technical Advisory,During,"Content, Education and Social Network",Website,Mass media,Both,General,Free,Producer ↔ Extensionist,Private,Private Sector,Spanish,Yeah,Yeah,Digitization,Accessible to Third Parties, https://www.agroconsultasonline.com/,"A digital platform for consulting with specialists, participating in online events, and exchanging experiences. In addition to public consultation, the platform offers a digital library with articles, tools, videos, and technical materials, organized by topic and type of production."
ACO Chat,Argentina,Yeah,Online Agricultural Consultations,Technical Advisory,During,"Content, Education and Social Network",Website; Chatbots,Mass media,Both,General,Free,Producer ↔ Content/Platform,Private,Private Sector,Spanish,No,Yeah,Digitization,Accessible to Third Parties,https://www.agroconsultasonline.com/chataco,It is an artificial intelligence assistant for agriculture
Training,Argentina,Yeah,Online Agricultural Consultations,Learning,During,"Content, Education and Social Network",E-learning platforms,Mass media,Both,General,Free,Producer ↔ Content/Platform,Private,Private Sector,Spanish,No,Yeah,Digitization,Accessible to Third Parties,https://www.agroconsultasonline.com/trainings,"Online training platform focused on technical training in the agricultural sector, offering courses, training and specialized content taught by specialists."
National Meteorological Service of Argentina,Argentina,No,Ministry of Defense,Technical Advisory,During,"Meteorology, Climate and Irrigation",Website,Mass media,Both,General,Free,Extensionist ↔ Content/Platform,Public,Ministry / Federal Government,Spanish,No,Yeah,Digitization,Accessible to Third Parties,https://www.smn.gob.ar/radar,"It provides near real-time weather radar imagery, allowing users to track the occurrence and intensity of rain, storms, and other atmospheric events. The tool supports weather monitoring, alert issuance, and decision-making."
Agroclimatic Information,Argentina,No,INTA,Technical Advisory,During,"Meteorology, Climate and Irrigation",Website,Mass media,Both,General,Free,Extensionist ↔ Content/Platform,Public,Ministry / Federal Government,Spanish,No,Yeah,Digitization,Accessible to Third Parties,https://www.argentina.gob.ar/informacion-agroclimatica,"Tools: Weekly AgroMet, Monthly AgroMet, AgroCultivos"
INTA GEO,Argentina,No,INTA,Technical Advisory,During,"Meteorology, Climate and Irrigation",Website,Mass media,Both,General,Free,Extensionist ↔ Content/Platform,Public,Ministry / Federal Government,Spanish,No,Yeah,Digitization,Accessible to Third Parties,https://www.argentina.gob.ar/inta,Geospatial platform for the comprehensive management of geographic information for the agricultural sector - https://www.argentina.gob.ar/inta
INTA Digital Repository; and INTA Publications,Argentina,No,INTA,Learning,During,"Content, Education and Social Network",Website,Mass media,Both,General,Free,Extensionist ↔ Content/Platform,Public,Ministry / Federal Government,Spanish,No,Yeah,Digitalization,Accessible to Third Parties,https://www.argentina.gob.ar/inta,"Free public access to books, journal articles, theses, technical reports and presentations, among others; Publishing house specializing in research, development and technological innovation publications applied to the agricultural sector"
AGRO24,Argentina,Yeah,AGRO24, Management,Before ,Sharing Economy,Website,Mass media,Producer,General,Paid,Producer ↔ Producer,Private,Startup,Spanish,,Yeah,Digitization,Accessible to Third Parties,https://agro24.ar/,Platform that connects producers and consumers to simplify the process of purchasing and supplying agricultural inputs.
Fair Farming,Argentina,Yeah,Fair Farming,Marketing,After,Online Store (E-commerce) and Marketplace Platforms,Website + App,Mass media,Producer,General,Paid,Producer ↔ Content/Platform,Private,Startup,Spanish,No,Yeah,Digitization,Accessible to Third Parties,https://agrojusto.com.ar/,"A suite of technological solutions that enables direct sales from small producers to buyers. It includes a mobile application for rural and agri-food producers, integrated with an internal messaging and notification system, other parameters specific to the food sector, and an e-commerce platform."
Harvesters,Argentina,No,National University of Córdoba,Technical Advisory,During,"Meteorology, Climate and Irrigation",Application ,Not Applicable,Producer,General,Free,Producer ↔ Content/Platform,Public,University,Spanish,No,Yeah,Digitization,Accessible to Third Parties,https://play.google.com/store/apps/details?id=ar.edu.unc.cosecheros,"""Cosecheros"" is a mobile application for Android phones that allows the monitoring, notification, and mapping of the impacts of extreme weather events on agricultural activity, as well as agrochemical drift events."
Campero Fertilizer,Argentina,No,Esteban Regueira,Technical Advisory,Before ,"Fertilizers, inoculants and nutrients",Application,Mass media,Extensionist,General,Free,Extensionist ↔ Content/Platform,Public,Ministry / Federal Government,Spanish,No,No,Digital Transformation,Accessible to Third Parties,https://play.google.com/store/apps/details?id=com.inta.camperofertilizadoras,"This application is designed to adjust the application of spray products such as fertilizers and soil amendments. The tool allows users to calculate dosages, estimate the equipment's working width, and evaluate distribution uniformity. It also calculates the amount of product needed to treat a specific area and generates reports with the results, which are stored on the device."
Map of complexities,Bolivia,Yeah,Productive Development Bank (BDP),Technical Advisory,During,"Content, Education and Social Network",Monitoring Panels (Dashboards),Mass media,Extensionist,General,Free,Extensionist ↔ Content/Platform,Public,Development Agency,Spanish,No,Yeah,Digitization,Accessible to Third Parties,https://complejidades.bdp.com.bo/,"It is a diagnostic tool that supports decision-making for local development, offering territorial information on productive activity, performance and marketing, and identifying sectors with growth potential."
Media Library,Bolivia,Yeah,INIAF,Learning,During,"Content, Education and Social Network",Website,Mass media,Producer,General,Free,Producer ↔ Content/Platform,Public,Public Research Company,Spanish,No,Yeah,Digitization,Accessible to Third Parties,https://iniaf.gob.bo/biblioteca-de-medios/,"A digital repository that brings together technical publications, manuals, reports, and agricultural innovation materials to support production, research, and rural extension in Bolivia"
Virtual Library,Bolivia,Yeah,PROINPA,Learning,During,"Content, Education and Social Network",Website,Mass media,Producer,General,Free,Producer ↔ Content/Platform,Organized Civil Society,NGO / CSO,Spanish,No,Yeah,Digitization,Accessible to Third Parties,https://www.proinpa.org/web/biblioteca-virtual/,"It is a digital repository of knowledge about Andean agrobiodiversity, which brings together technical and educational materials on bio-inputs, grains and cereals, vegetables and legumes, potatoes, fruit trees, quinoa, Andean roots and tubers, as well as recipes and content for sustainable production and the valorization of local knowledge."
I'm scared,Chile,Yeah,I'm scared, Management,During,Integrated Production Monitoring and Management,Application ,Not Applicable,Both,General,Freemium,Extensionist ↔ Content/Platform,Private,Startup,Spanish,Yeah,Yeah,Digital Transformation,Accessible to Third Parties,https://miido.ai/,"MIIDO uses advanced voice recognition technology to convert WhatsApp audio messages into text. Our system then processes this text to extract relevant information and organize it into tasks, records, and queries."
INIA Educa,Chile,Yeah,INIA,Learning,During,"Content, Education and Social Network",E-learning platforms,Mass media,Both,General,Free,Producer ↔ Content/Platform,Public,Public Research Company,Spanish,No,Yeah,Digitization,Accessible to Third Parties,https://iniaeduca.cl/,"INIA Educa SpA is a company belonging to the Agricultural Research Institute INIA dedicated to providing specialized courses for professionals, technicians and farmers, whose objective is the provision of training services, offering a range of stable courses and being available to organize courses, workshops and diplomas"
INIA Digital Library,Chile,Yeah,INIA,Learning,During,"Content, Education and Social Network",Website,Mass media,Both,General,Free,Producer ↔ Content/Platform,Public,Public Research Company,Spanish,No,Yeah,Digitalization,Accessible to Third Parties,https://biblioteca.inia.cl/home,"It offers more than 5,000 publications in digital format, including books, newsletters, information sheets, technical data sheets, videos and radio capsules (podcasts), all on agricultural topics in the country."
Smartfield 360,Chile,Yeah,INIA,Technical Advisory,During,"Content, Education and Social Network",Virtual/Augmented Reality Environments,Mass media,Both,General,Free,Producer ↔ Content/Platform,Public,Public Research Company,Spanish,No,Yeah,Digital Transformation,Accessible to Third Parties,https://www.smartfieldinia.cl/,"Virtual reality platform of the Los Tilos and Santa Rosa fields, with technology demonstration"
Campus,Chile,Yeah,INIA,Technical Advisory,During,"Content, Education and Social Network",Website,Mass media,Both,General,Free,Producer ↔ Content/Platform,Public,Public Research Company,Spanish,No,Yeah,Digitization,Accessible to Third Parties,https://smartfieldinia.cl/campusinia/,Virtual training in agricultural technologies to improve practices and technology adoption
Late Blight Early Warning System,Chile,No,INIA,Technical Advisory,During,"Meteorology, Climate and Irrigation",Website,Mass media,Both,Specific (potato),Free,Producer ↔ Content/Platform,Public,Public Research Company,Spanish,No,Yeah,Digitization,Accessible to Third Parties,https://tizon.inia.cl/,Technological tool that uses meteorological and epidemiological data to predict conditions favorable for the development of the disease (Late Blight).
Agrapp,Chile,Yeah,Agrapp, Management,During,Integrated Production Monitoring and Management,Application ,Interpersonal,Producer,General,Paid,Producer ↔ Content/Platform,Private,Startup,Spanish,Yeah,No,Digital Transformation,Accessible to Third Parties,https://www.agrapp.cl/,"It is a digital field notebook that allows you to record information in the field, work offline, and generate reports simply and efficiently for agricultural management."
AgroMatch,Chile,Yeah,AgroMatch, Management,Before ,Sharing Economy,Website,Interpersonal,Producer,General,Paid,Producer ↔ Producer,Private,Startup,Spanish,No,Yeah,Digitization,Accessible to Third Parties,https://agromatch.cl/,AgroMatch is a platform that connects owners of machinery or services with farmers looking to rent these machines or services.
AGRI,Chile,Yeah,TCIT Cloud Solutions, Management,During,Integrated Production Monitoring and Management,Website,Interpersonal,Producer,General,Paid,Producer ↔ Content/Platform,Private,Startup,Spanish,No,Yeah,Digitization,Accessible to Third Parties,https://www.agri.cl/,"A management platform that unifies the administrative and production processes of agricultural businesses. Its key modules include cost control and budgeting, task and harvest management, purchasing, and inventory management."
Agrosmart,Chile,Yeah,Agrosmart, Management,During,Integrated Production Monitoring and Management,Website,Interpersonal,Producer,General,Paid,Producer ↔ Content/Platform,Private,Startup,Spanish,No,Yeah,Digitization,Accessible to Third Parties,https://agrosmart.cl/,"A software-as-a-service (SaaS) agricultural management platform and intelligent field notebook, designed from the farmer's perspective. It covers administrative, production, operational, and financial areas, with the goal of increasing efficiency and competitiveness."
You eat,Chile,Yeah,You eat,Marketing,After,Online Store (E-commerce) and Marketplace Platforms,Website,Interpersonal,Producer,General,Commission-Based,Producer ↔ Content/Platform,Private,Startup,Spanish,No,Yeah,Digitization,Accessible to Third Parties,https://www.comes.cl/,It seeks to promote a more sustainable food system by connecting local producers with food retailers.
Technical Specifications,Chile,No,INDAP,Technical Advisory,During,"Content, Education and Social Network",Website,Mass media,Producer,General,Free,Producer ↔ Content/Platform,Public,ATER Company / Public Extension Service,Spanish,No,Yeah,Digitization,Accessible to Third Parties,https://www.indap.gob.cl/fichas-tecnicas,"Online support materials for small-scale family farming, compiling standardized technical information by region and crop. Available for viewing and download in Excel format, the fact sheets present production guidelines, inputs, management practices, and technical references for various agricultural sectors."
Agriconecta (Panama),International,No,Tri-Star Trading Group SA,Marketing,After,Online Store (E-commerce) and Marketplace Platforms,Application,Mass media,Producer,General,Free,Producer ↔ Content/Platform,Private,Private Sector,Spanish,No,Yeah,Digitization,Accessible to Third Parties,https://play.google.com/store/apps/details?id=com.agriconecta.agcta_smallholder_farmer; https://apps.apple.com/us/app/agriconecta/id1514667580,"AgriConecta is a free application that allows farmers to stay connected to modern agriculture. Through the platform, they can maintain direct contact with their technician and easily access information within the app, as well as view weather data to better protect and plan their work."
Agrimaps (Espanâ),International,No,"Infonet Computer Consultants SL

",Technical Advisory,During,Integrated Production Monitoring and Management,Application,Mass media,Producer,General,Paid,Producer ↔ Content/Platform,Private,Private Sector,Spanish,No,Yeah,Digital Transformation,Accessible to Third Parties,"https://agrimaps.es/
https://play.google.com/store/apps/details?id=com.infonetconsultores.agrimapscross; https://apps.apple.com/us/app/agrimaps/id1671973281","A visual, easy and agile field notebook based on the recording of treatments and technical operations, allowing geolocation of incidents, control and monitoring of pests, tracking of the phenological stages of crops, monitoring of technical operations, study of maps and receiving Alternaria alerts, supporting more efficient farm management."
Biofertilizing (Colombia),International,No,Colombian Corporation for Agricultural Research Agrosavia,Learning,During,"Content, Education and Social Network",Application,Mass media,Producer,General,Free,Producer ↔ Content/Platform,Public,Ministry / Federal Government,Spanish,No,Yeah,Digitization,Accessible to Third Parties,https://play.google.com/store/apps/details?id=com.mifinca,"Biofertilization is a game that allows players to learn basic concepts about bio-inputs and biofertilizers in particular, within the context of sustainable agriculture adapted to climate change. Although intended for all ages, it is especially geared towards young people in rural communities. The central objective is to achieve better crop production in each player's respective field through solving educational challenges. The mission integrates obtaining rewards, acquiring resources of different values, productivity strategies, preventing and combating threats, decision-making, collaboration, and field care."
Agricultural field notebook-Agricolum (Espanã),International,No,Agroculum SL., Management,During,Integrated Production Monitoring and Management,Application,Mass media,Producer,General,Freemium,Producer ↔ Content/Platform,Private,Private Sector,Spanish,No,No,Digital Transformation,Accessible to Third Parties,https://play.google.com/store/apps/details?id=com.agricolum,"Agricolum is a digital tool focused on recording and organizing agricultural activities. It allows users to track field operations, such as management practices, applications, and production tasks, supporting technical control and property management. The tool aims to facilitate the tracking of work information in a practical way."
Syngenta Agrimecum (Switzerland),International,No,"Syngenta Crop Protection AG
",Technical Advisory,Before ,"Pest Management and Control (Biological, Natural and Chemical)",Application,Mass media,Producer,General,Free,Producer ↔ Content/Platform,Private,Private Sector,Spanish,No,Yeah,Digitization,Accessible to Third Parties,https://play.google.com/store/apps/details?id=com.catalogo.syngenta,"This application compiles technical information about the company's product portfolio, including insecticides, herbicides, fungicides, and seed treatments. It presents general product characteristics, usage guidelines, instructions for controlling pests and harmful plants, as well as information on dosing systems, serving as a technical reference material."
ABC Rural,Paraguay,Yeah,Rural Association of Paraguay (ARP),Learning,During,"Content, Education and Social Network",Website,Mass media,Producer,General,Free,Producer ↔ Content/Platform,Organized Civil Society,Association,Spanish,No,Yeah,Digitization,Accessible to Third Parties,https://www.youtube.com/@ABCRURALPARAGUAY,"Agricultural communication channel linked to the Rural Association of Paraguay, dedicated to the dissemination of information, news and technical content aimed at the Paraguayan rural sector."
Agroayuda,Paraguay,Yeah,MAG,Marketing,After,Online Store (E-commerce) and Marketplace Platforms,Application,Mass media,Producer,General,Free,Producer ↔ Content/Platform,Public,Ministry / Federal Government,Spanish,No,Yeah,Digitization,Accessible to Third Parties,https://iica.int/es/noticias/innovacion-digital-traves-de-plataforma-movil-sera-implementada-para-comercializar/,"Agroayuda is a mobile digital platform for technical assistance and agricultural marketing support that provides producers with technical information, market prices, public procurement opportunities, and production guidance. The tool facilitates access to specialized remote advice, strengthens on-farm decision-making, and helps improve collaboration between producers, markets, and institutions."
Registry of Assisted Family Farming - RAFA,Paraguay,Yeah,Deag Platform, Management,Before ,"Rural Extension Management, Monitoring, and Registry",Website,Not Applicable,Extensionist,General,Not Applicable,Extensionist ↔ Content/Platform,Public,Ministry / Federal Government,Spanish,No,Yeah,Digitalization,Internal (Institutional) Use, deag.mag.gov.py,"It allows for the registration of rural producers and families, the collection of socioeconomic data, geographic location, land use, production, infrastructure, basic services, and the monitoring of technical assistance and rural extension actions, supporting planning, monitoring, and the formulation of public policies."
Visit to the Farm,Paraguay,No,Deag Platform,Technical Advisory,Before ,"Rural Extension Management, Monitoring, and Registry",Website,Not Applicable,Extensionist,General,Not Applicable,Extensionist ↔ Content/Platform,Public,Ministry / Federal Government,Spanish,No,Yeah,Digitalization,Internal (Institutional) Use, deag.mag.gov.py,"This digital tool is used by rural extension technicians to record detailed information during farm visits about producers and their families, land tenure and use, agricultural production, infrastructure, basic services, inputs, labor, access to credit, and technical assistance. It supports the systematic monitoring of farms, the tracking of ATER (Rural Extension Agency) activities, and the generation of data for planning, evaluation, and the formulation of public policies focused on family farming."
Registry of Individual Family Farming - RAFI,Paraguay,No,Deag Platform, Management,Before ,"Rural Extension Management, Monitoring, and Registry",Website,Not Applicable,Extensionist,General,Not Applicable,Extensionist ↔ Content/Platform,Public,Ministry / Federal Government,Spanish,No,Yeah,Digitalization,Internal (Institutional) Use, deag.mag.gov.py,"It allows for the registration of individual rural producers, the collection of socioeconomic, productive and geographical information, and the monitoring of technical assistance and rural extension actions, supporting the planning and design of public policies."
Weather Stations,Paraguay,No,Deag Platform,Technical Advisory,During,"Meteorology, Climate and Irrigation",Website,Not Applicable,Producer,General,Free,Extensionist ↔ Content/Platform,Public,Ministry / Federal Government,Spanish,No,Yeah,Digitization,Accessible to Third Parties,https://deag.mag.gov.py/estaciones.html,"Digital weather monitoring platform that gathers real-time data from weather stations distributed across the territory, presenting information such as temperature, precipitation, wind and weather forecast."
Training,Paraguay,No,Deag Platform,Learning,During,"Content, Education and Social Network",Website,Not Applicable,Extensionist,General,Not Applicable,Extensionist ↔ Content/Platform,Public,Ministry / Federal Government,Spanish,No,Yeah,Digitization,Accessible to Third Parties, deag.mag.gov.py,"It offers courses and training content, including online options, aimed at rural extension technicians and family farming producers."
Agrobuch,Paraguay,Yeah,FECOPROD,Technical Advisory,During,"Soil and Plant Analysis
Fertilizers, Inoculants, and Nutrients
Precision Agriculture and Input Optimization",Website,Mass media,Both,General,Not Applicable,Producer ↔ Content/Platform,Public,Cooperative,Spanish,No,Yeah,Digitization,Internal (Institutional) Use,agrobuch,"A digital platform that integrates technical information, geographic data, and precision agriculture tools to support decision-making in the field. The tool allows for the monitoring of agricultural plots, soil and fertility analysis, production tracking, geoprocessing, and support for sustainable production practices, functioning as a ""digital farm logbook"" for the technical and environmental management of the property."
Big Field,Paraguay,Yeah,FECOPROD, Management,During,Integrated Production Monitoring and Management,Website + App,Mass media,Producer,General,Not Applicable,Producer ↔ Content/Platform,Organized Civil Society,Cooperative,Spanish,No,Yeah,Digitization,Internal (Institutional) Use,https://bigcampo.fecoprod.com.py/publico,"Management of the Agricultural Establishment: Livestock, Dairy, Crop Farm"
TRAZAPPY,Paraguay,Yeah,FECOPROD,Marketing,During,Integrated Production Monitoring and Management,Website + App,Mass media,Producer,Specific (milk),Not Applicable,Producer ↔ Content/Platform,Organized Civil Society,Cooperative,Spanish,Yeah,No,Digitization,Internal (Institutional) Use,https://trazappy.fecoprod.com.py/web/home,Agricultural Product Traceability System
FECOCLIMA,Paraguay,No,FECOPROD,Technical Advisory,During,"Meteorology, Climate and Irrigation",Website,Mass media,Producer,General,Not Applicable,Producer ↔ Content/Platform,Organized Civil Society,Cooperative,Spanish,No,Yeah,Digitization,Internal (Institutional) Use,https://fecoclima.fecoprod.com.py/clima/#/climaActual,"Agrometeorological Station Network: temperature, rainfall, humidity, pressure, crop phenology"
Siscole Smart,Paraguay,Yeah,FECOPROD,Technical Advisory,During,Integrated Production Monitoring and Management,Application ,Mass media,Producer,Specific (milk),Not Applicable,Producer ↔ Content/Platform,Organized Civil Society,Cooperative,Spanish,No,Yeah,Digitization,Internal (Institutional) Use,https://ti.fecoprod.com.py/siscole/Account/Login?ReturnUrl=%2fsiscole,"Smartphone application where the producer can check the status of their dairy farm, their animals, calving and drying schedule, and quality analysis results."
INIA Mobile - Climate characterization for crops,Uruguay,Yeah,INIA,Technical Advisory,During,"Meteorology, Climate and Irrigation",Website + App,Mass media,Producer,"Specific (wheat-barley, rapeseed, soybeans, and corn)",Free,Producer ↔ Content/Platform,Public,Public Research Company,Spanish,No,Yeah,Digitalization,Accessible to Third Parties,https://www.inia.uy/caracterizacion-climatica-para-cultivos,"The reports contained in this section constitute a climatic characterization of each agricultural season for the main winter (wheat-barley, rapeseed) and summer (soybean, corn) crops."
INIA mobile - OptiMix,Uruguay,No,INIA,Technical Advisory,During,Precision Agriculture and Input Optimization,Website + App,Mass media,Producer,Specific (forage),Free,Producer ↔ Content/Platform,Public,Public Research Company,Spanish,No,Yeah,Digitization,Accessible to Third Parties,https://www.inia.uy/optimix-herramienta-para-definir-especies-en-mezclas-forrajeras,Tool for Defining Species in Forage Mixtures
"INIA Mobile - Phenological Model for Estimating Flowering in Wheat, Barley and Maize",Uruguay,Yeah,INIA,Technical Advisory,During,"Content, Education and Social Network",Monitoring Panels (Dashboards),Mass media,Extensionist,"Specific (Corn, wheat and barley)",Free,Extensionist ↔ Content/Platform,Public,Public Research Company,Spanish,No,Yeah,Digitization,Accessible to Third Parties,https://www.inia.uy/modelo-fenologico-para-estimacion-de-floracion-en-trigo-cebada-y-maiz,"It allows you to calculate the flowering date, according to location, emergence time and chosen variety, for wheat, barley and corn."
INIA mobile – Sheep Alert,Uruguay,Yeah,INIA,Technical Advisory,Before ,Animal Nutrition and Health, Application,Mass media,Producer,Specific (sheep),Free,Producer ↔ Content/Platform,Public,Public Research Company,Spanish,No,Yeah,Digitization,Accessible to Third Parties,https://www.inia.uy/alertaovina,"The tool combines technology and local knowledge, helping to protect sheep production. It provides information to improve lamb survival rates at birth, anticipating adverse weather conditions."
INIA mobile – EfiCarne,Uruguay,No,INIA, Management,During,Integrated Production Monitoring and Management,Website + App,Mass media,Producer,Specific (bovine),Free,Producer ↔ Content/Platform,Public,Public Research Company,Spanish,No,Yeah,Digitization,Accessible to Third Parties,https://www.inia.uy/index.php/eficarne,Web tool for managing cattle feed in intensive pasture systems.
INIA Mobile - FertiRIEGO Horticulture,Uruguay,No,INIA,Technical Advisory,Before ,"Fertilizers, inoculants and nutrients",Website + App,Mass media,Extensionist,Specific (horticulture),Free,Extensionist ↔ Content/Platform,Public,Public Research Company,Spanish,No,Yeah,Digitization,Accessible to Third Parties,https://www.inia.uy/fertiriego-horticultura,Decision support software that makes irrigation and fertilizer application recommendations for greenhouse tomato cultivation in Uruguay
INIA mobile - INIA CLIMArroz,Uruguay,No,INIA,Learning,During,"Meteorology, Climate and Irrigation",Website + App,Mass media,Extensionist,Specific (rice),Free,Extensionist ↔ Content/Platform,Public,Public Research Company,Spanish,No,Yeah,Digitization,Accessible to Third Parties,https://www.inia.uy/inia-climarroz,A tool designed for technicians and producers that facilitates climate monitoring and the prediction of phenological events in rice cultivation.
INIA Mobile - INIA Log Forestal,Uruguay,Yeah,INIA,Learning,During,"Content, Education and Social Network",Website + App,Mass media,Extensionist,Specific (floral),Free,Extensionist ↔ Content/Platform,Public,Public Research Company,Spanish,No,Yeah,Digitization,Accessible to Third Parties,www.inialog.org.uy,"A tool for technicians, producers, and companies in the forestry sector, providing access to information and technological products to optimize forest resource management. This digital catalog brings together publications, methodologies, and practical tools."
INIA Mobile - INIA Termomin,Uruguay,No,INIA,Technical Advisory,During,"Meteorology, Climate and Irrigation",Application,Mass media,Both,General,Free,Producer ↔ Content/Platform,Public,Public Research Company,Spanish,No,Yeah,Digitization,Accessible to Third Parties,https://www.inia.uy/inia-termomin,"It allows access to a forecast of up to 5 days, of the minimum air temperatures (at two meters high) and on the ground, to make timely decisions that avoid or minimize production losses."
INIA Mobile - CultiDatos_Uy,Uruguay,No,INIA,Technical Advisory,During,Seeds and Seedlings,Monitoring Panels (Dashboards),Mass media,Both,"Specific (Wheat, ryegrass, rapeseed, fescue, soybeans and alfafa).",Free,Producer ↔ Content/Platform,Public,Public Research Company,Spanish,No,Yeah,Digitalization,Accessible to Third Parties,https://www.inia.uy/index.php/cultidatosuy-aplicacion-de-analisis-y-seleccion-de-cultivares,"Web application that facilitates access to and comparison of official information on cultivars in Uruguay, supporting the selection of materials according to the production situation"
INIA Mobile - CultiDOCTOR_UY,Uruguay,Yeah,INIA,Technical Advisory,During,"Content, Education and Social Network",Website + App,Interpersonal,Producer,"Specific (Wheat, Barley, Oats, Triticale, Soybeans and Rapeseed)",Free,Producer ↔ Content/Platform,Public,Public Research Company,Spanish,No,Yeah,Digitization,Accessible to Third Parties,ttps://www.inia.uy/cultidoctoruy-una-nueva-herramienta-para-identificacion-de-enfermedades-en-cultivos,"Application that aims to provide technicians and producers with a practical guide that allows for quick field identification of diseases affecting wheat, barley, triticale, oats, soybeans, and rapeseed crops."
INIA Mobile - Bovine Thermostress,Uruguay,No,INIA,Technical Advisory,During,"Meteorology, Climate and Irrigation",Website + App,Mass media,Producer,Specific (bovine),Free,Producer ↔ Content/Platform,Public,Public Research Company,Spanish,No,Yeah,Digitization,Accessible to Third Parties,https://www.inia.uy/inia-termoestres,"To provide the user with information based on the recognized Temperature and Humidity Index (THI), for two production systems - meat and milk, under extensive or intensive production conditions."
INIA Mobile – Forecast of heat stress in cattle,Uruguay,No,INIA,Technical Advisory,During,"Meteorology, Climate and Irrigation",Website,Mass media,Extensionist,Specific (bovine),Free,Extensionist ↔ Content/Platform,Public,Public Research Company,Spanish,No,Yeah,Digitization,Accessible to Third Parties,https://www.inia.uy/prevision-de-estres-calorico-en-bovinos-0,"A tool that predicts the risk of heat stress in beef and dairy cattle up to seven days in advance, based on the Temperature and Humidity Index (THI), supporting producers and technicians in adopting preventive measures to reduce losses in welfare and productivity."
Institutionalized WhatsApp groups,Uruguay,Yeah,SNIDER,Technical Advisory,During,Consulting & Technical Assistance,Messaging Groups,Mass media,Producer,General,Free,Producer ↔ Extensionist,Public,Ministry / Federal Government,Spanish,Yeah,Yeah,Digitization,Accessible to Third Parties,https://www.encuentrorural.uy/,"Digital spaces organized and moderated by organizations within the ATER system are used to promote the exchange of technical information, provide productive support, and strengthen communities of practice. These groups can operate in an integrated manner with in-person activities, follow defined methodologies, have institutional governance and planned content production, and seek to expand the reach, efficiency, and participation in rural extension processes."
Distance learning courses,Uruguay,Yeah,Agricultural Planning Institute,Learning,During,"Content, Education and Social Network",Website,Mass media,Producer,General,Free,Producer ↔ Content/Platform,Public,ATER Company / Public Extension Service,Spanish,No,Yeah,Digitization,Accessible to Third Parties,https://www.planagropecuario.org.uy/web/oferta-de-cursos-a-distancia.html,"Structured online courses with technical content applied to real-world production, covering topics such as pasture management, animal feeding and stocking rates, livestock business management, production indicators, sustainability, and decision-making."
PlanTV,Uruguay,Yeah,Agricultural Planning Institute,Technical Advisory,During,"Content, Education and Social Network",Website,Mass media,Both,General,Free,Producer ↔ Content/Platform,Public,ATER Company / Public Extension Service,Spanish,No,Yeah,Digitization,Accessible to Third Parties,https://www.planagropecuario.org.uy/web/plantv.html,"A digital platform for audiovisual content focused on disseminating technical information, production experiences, and discussions about livestock and agricultural systems. Through weekly programs and field-recorded materials, PlanTV supports producers, technicians, and extension agents with practical content on management, sustainability, and innovation in rural areas."
Digital tools,Uruguay,Yeah,Agricultural Planning Institute,Technical Advisory,During,Integrated Production Monitoring and Management,Website,Not Applicable,Both,General,Free,Producer ↔ Content/Platform,Public,ATER Company / Public Extension Service,Spanish,No,Yeah,Digitization,Accessible to Third Parties,https://www.planagropecuario.org.uy/web/,"A set of online digital tools aimed at providing technical support and decision-making in livestock farming, especially in pasture-based systems, including load and farm indicator calculators for production planning and farm performance analysis; the MEGanE and enPastoreo tools, aimed at grazing management and pasture management; the Livestock Environmental Assessment, aimed at analyzing the environmental aspects of livestock systems; the Green Folder, used for recording and monitoring production information; the pasture growth visualizer, which supports forage monitoring; and the Index on Food Plate (IsPC), an indicator used to evaluate the supply and availability of forage."